{"cameraMode":{"drawMode":0,"name":"Shaded","section":"Shading Mode"},"sceneLighting":false,"audioPlay":false,"sceneViewState":{"m_AlwaysRefresh":false,"showFog":true,"showSkybox":false,"showFlares":true,"showImageEffects":true,"showParticleSystems":true,"showVisualEffectGraphs":true,"m_FxEnabled":true},"in2DMode":false,"pivot":{"x":-37.104530334472659,"y":1.6000001430511475,"z":-50.75064468383789},"rotation":{"x":0.019094768911600114,"y":0.7931361198425293,"z":0.025049293413758279,"w":-0.6083678603172302},"size":2.684683322906494,"orthographic":false}