{"cameraMode":{"drawMode":0,"name":"Shaded","section":"Shading Mode"},"sceneLighting":true,"audioPlay":false,"sceneViewState":{"m_AlwaysRefresh":false,"showFog":true,"showSkybox":true,"showFlares":true,"showImageEffects":true,"showParticleSystems":true,"showVisualEffectGraphs":true,"m_FxEnabled":true},"in2DMode":false,"pivot":{"x":-49.310707092285159,"y":1.3679767847061158,"z":-29.80210304260254},"rotation":{"x":-0.24921317398548127,"y":0.032249290496110919,"z":-0.00827454961836338,"w":-0.9679087400436401},"size":5.472462177276611,"orthographic":false}