{"cameraMode":{"drawMode":0,"name":"Shaded","section":"Shading Mode"},"sceneLighting":true,"audioPlay":false,"sceneViewState":{"m_AlwaysRefresh":false,"showFog":true,"showSkybox":true,"showFlares":true,"showImageEffects":true,"showParticleSystems":true,"showVisualEffectGraphs":true,"m_FxEnabled":true},"in2DMode":false,"pivot":{"x":-48.04798126220703,"y":6.506791591644287,"z":-28.35268211364746},"rotation":{"x":0.038951270282268527,"y":0.04193311184644699,"z":0.0017848990391939879,"w":-0.9984452128410339},"size":14.211222648620606,"orthographic":false}